Workbook

Sheet cleaned data
A1: OrderID | B1: Date | C1: CustomerID | D1: Product | E1: Quantity | F1: UnitPrice | G1: ShippingAddress | H1: PaymentMethod | I1: OrderStatus | J1: TrackingNumber | K1: ItemsInCart | L1: CouponCode | M1: ReferralSource | N1: TotalPrice
A2: ORD200000 | B2: 44930 | C2: C72649 | D2: Monitor | E2: 5 | F2: 570.62 | G2: 928 Main St | H2: Debit Card | I2: Shipped | J2: TRK37947903 | K2: 7 | L2: SAVE10 | M2: Instagram | N2: 2853.1
A3: ORD200001 | B3: 45527 | C3: C75739 | D3: Phone | E3: 2 | F3: 151.35 | G3: 823 Main St | H3: Online | I3: Shipped | J3: TRK91186779 | K3: 3 | L3: SAVE10 | M3: Referral | N3: 302.7
A4: ORD200002 | B4: 45349 | C4: C81728 | D4: Tablet | E4: 5 | F4: 550.68 | G4: 512 Main St | H4: Credit Card | I4: Cancelled | J4: TRK42903982 | K4: 8 | L4: FREESHIP | M4: Email | N4: 2753.4
A5: ORD200003 | B5: 45214 | C5: C33540 | D5: Chair | E5: 1 | F5: 273.19 | G5: 275 Main St | H5: Debit Card | I5: Returned | J5: TRK62788070 | K5: 5 | L5: SAVE10 | M5: Facebook | N5: 273.19
A6: ORD200004 | B6: 45785 | C6: C81840 | D6: Printer | E6: 4 | F6: 626.01 | G6: 668 Main St | H6: Online | I6: Delivered | J6: TRK29241424 | K6: 8 | L6: SAVE10 | M6: Email | N6: 2504.04
A7: ORD200005 | B7: 45222 | C7: C37249 | D7: Phone | E7: 2 | F7: 245.86 | G7: 934 Main St | H7: Credit Card | I7: Shipped | J7: TRK72976927 | K7: 4 | L7: SAVE10 | M7: Instagram | N7: 491.72
A8: ORD200006 | B8: 45825 | C8: C83492 | D8: Laptop | E8: 1 | F8: 664.42 | G8: 986 Main St | H8: Gift Card | I8: Returned | J8: TRK96417362 | K8: 6 | L8: SAVE10 | M8: Facebook | N8: 664.42
A9: ORD200007 | B9: 45058 | C9: C41460 | D9: Monitor | E9: 5 | F9: 149.55 | G9: 706 Main St | H9: Cash | I9: Shipped | J9: TRK78809193 | K9: 9 | L9: FREESHIP | M9: Facebook | N9: 747.75
A10: ORD200008 | B10: 45749 | C10: C26817 | D10: Phone | E10: 2 | F10: 134.28 | G10: 904 Main St | H10: Gift Card | I10: Cancelled | J10: TRK61042692 | K10: 2 | L10: NO COUPON | M10: Email | N10: 268.56
A11: ORD200009 | B11: 45251 | C11: C31946 | D11: Desk | E11: 4 | F11: 509.38 | G11: 102 Main St | H11: Credit Card | I11: Shipped | J11: TRK33478363 | K11: 6 | L11: SAVE10 | M11: Google | N11: 2037.52
A12: ORD200010 | B12: 45289 | C12: C43443 | D12: Tablet | E12: 5 | F12: 625.97 | G12: 333 Main St | H12: Credit Card | I12: Returned | J12: TRK98859248 | K12: 9 | L12: WINTER15 | M12: Instagram | N12: 3129.85
A13: ORD200011 | B13: 45339 | C13: C93861 | D13: Monitor | E13: 3 | F13: 49.14 | G13: 831 Main St | H13: Online | I13: Returned | J13: TRK48234646 | K13: 7 | L13: SAVE10 | M13: Email | N13: 147.42
... A1201: ORD201199 | B1201: 45088 | C1201: C57502 | D1201: Tablet | E1201: 4 | F1201: 560.58 | G1201: 201 Main St | H1201: Gift Card | I1201: Returned | J1201: TRK51116746 | K1201: 6 | L1201: SAVE10 | M1201: Referral | N1201: 2242.32

Sheet EDA summary
A1: metric | B1: unit price | C1: total price | D1: quantity
A2: mean | B2: =AVERAGE('cleaned data'!F2:F1201) -> 356.41275 | C2: =AVERAGE('cleaned data'!N2:N1201) -> 1053.9683 | D2: =AVERAGE('cleaned data'!E2:E1201) -> 2.9458333
A3: median | B3: =MEDIAN('cleaned data'!F2:F1201) -> 364.21 | C3: =MEDIAN('cleaned data'!N2:N1201) -> 823.615 | D3: =MEDIAN('cleaned data'!E2:E1201) -> 3
A4: min | B4: =MIN('cleaned data'!F2:F1201) -> 11.39 | C4: =MIN('cleaned data'!N2:N1201) -> 11.39 | D4: =MIN('cleaned data'!E2:E1201) -> 1
A5: max | B5: =MAX('cleaned data'!F2:F1201) -> 699.93 | C5: =MAX('cleaned data'!N2:N1201) -> 3456.4 | D5: =MAX('cleaned data'!E2:E1201) -> 5
A6: count | B6: =COUNT('cleaned data'!F2:F1201) -> 1200 | C6: =COUNT('cleaned data'!N2:N1201) -> 1200 | D6: =COUNT('cleaned data'!E2:E1201) -> 1200
A8: outliers | B8: q1 | C8: q3 | D8: IQR | E8: lower bound | F8: upper bound | G8: outlier count
A10: UnitPrice | B10: =QUARTILE('cleaned data'!F:F,1) -> 186.0625 | C10: =QUARTILE('cleaned data'!F:F,3) -> 521.57 | D10: =C10-B10 -> 335.5075 | E10: =B10-(1.5*D10) -> -317.19875 | F10: =C10+(1.5*D10) -> 1024.8312 | G10: {=SUMPRODUCT(('cleaned data'!F2:F1201<'EDA summary'!E10)+('cleaned data'!F2:F1201>'EDA summary'!F10))} -> 0
A11: TotalPrice | B11: =QUARTILE('cleaned data'!N:N,1) -> 410.52 | C11: =QUARTILE('cleaned data'!N:N,3) -> 1578.475 | D11: =C11-B11 -> 1167.955 | E11: =B11-(1.5*D11) -> -1341.4125 | F11: =C11+(1.5*D11) -> 3330.4075 | G11: {=SUMPRODUCT('cleaned data'!N2:N1201<'EDA summary'!E11,'cleaned data'!N2:N1201>'EDA summary'!F11)} -> 0
A12: Quantity | B12: =QUARTILE('cleaned data'!E:E,1) -> 2 | C12: =QUARTILE('cleaned data'!E:E,3) -> 4 | D12: =C12-B12 -> 2 | E12: =B12-(1.5*D121) -> 2 | F12: =C12+(1.5*D12) -> 7 | G12: {=SUMPRODUCT('cleaned data'!E2:E1201<'EDA summary'!E12,'cleaned data'!E2:E1201>'EDA summary'!F12)} -> 0
